779,462,wontsee
1154,5507,willsee
772,7991,like
297,1463,like
1507,7253,like
1408,498,like
240,6069,like
376,5852,like
1380,1692,neutral
1237,8292,like
1262,2453,wontsee
1450,3662,like
943,1414,like
961,217,neutral
1256,2566,like
1445,2234,favorite
912,7160,dislike
1412,1805,willsee
659,4752,neutral
1179,4752,like
1579,2771,like
269,3756,willsee
1618,6621,willsee
957,144,like
239,952,wontsee
340,3095,neutral
126,2247,like
1084,7132,like
1659,4741,dislike
321,6603,like
1412,5769,dislike
933,7993,like
1568,7854,like
943,4052,wontsee
1674,6541,neutral
1676,1347,like
1409,8268,willsee
475,4810,willsee
126,6275,like
1658,7730,like
1652,6000,neutral
1424,6974,willsee
922,1110,like
205,854,neutral
325,6588,wontsee
534,2515,like
401,4846,willsee
809,3070,willsee
452,6234,like
1260,7703,neutral
1326,6049,wontsee
591,988,dislike
898,5129,willsee
1641,5730,willsee
1010,5354,wontsee
1492,1692,willsee
1499,4391,willsee
1343,1445,neutral
598,3040,neutral
802,2939,neutral
968,1580,neutral
1035,6223,wontsee
93,6694,like
1399,4867,wontsee
120,7926,neutral
1127,4,wontsee
1492,1315,like
940,2374,like
1056,6223,wontsee
130,7114,neutral
1539,5170,willsee
48,7988,neutral
1412,5574,neutral
1277,7476,like
1518,3351,wontsee
1125,6878,wontsee
1222,6602,willsee
1083,2365,like
1651,468,willsee
632,7122,like
1395,5603,willsee
666,911,willsee
423,5408,neutral
1276,7239,like
472,7988,favorite
341,1433,like
1676,7849,like
1015,5812,like
427,5408,like
880,6508,like
1088,7920,wontsee
905,2477,wontsee
959,2094,neutral
743,4284,willsee
1029,5821,willsee
475,2183,wontsee
1378,376,like
1559,4496,like
819,737,willsee
1325,1580,willsee
1687,6795,neutral
475,2547,wontsee
1644,705,like
1527,2291,wontsee
1291,6246,neutral
782,2507,willsee
243,735,wontsee
849,935,willsee
209,5269,wontsee
1027,4752,like
1527,1744,willsee
420,5277,like
48,7878,willsee
511,7435,willsee
1586,4419,wontsee
1404,5744,wontsee
322,712,dislike
18,5663,like
688,1173,dislike
367,952,like
1024,1580,like
1538,4537,neutral
7,4284,like
1431,499,wontsee
1043,5812,willsee
1404,647,neutral
524,1789,neutral
1695,4297,like
47,4492,wontsee
46,428,willsee
1450,7477,like
210,1301,like
18,6675,willsee
1255,4114,wontsee
439,4668,willsee
897,7122,like
1170,3903,willsee
1140,3370,willsee
1045,2408,like
100,7074,willsee
392,7216,wontsee
134,6742,willsee
711,1246,like
1471,5748,like
862,3324,wontsee
1688,4129,like
41,6855,like
414,571,dislike
1088,5346,wontsee
743,2028,favorite
464,4899,like
1461,3915,neutral
148,952,like
1422,1526,dislike
1695,1550,neutral
341,3544,like
93,7450,like
486,7234,neutral
1691,3581,like
1070,7054,willsee
1131,7657,willsee
1489,376,like
1474,1910,like
1592,4779,like
1497,7450,wontsee
502,1756,like
577,7122,like
381,1207,like
1277,7675,like
1614,4352,willsee
1518,6561,like
1691,5845,neutral
1518,504,like
287,2500,willsee
1094,6025,like
61,6549,willsee
751,5642,wontsee
887,7423,neutral
1695,59,willsee
1471,1366,like
706,4403,favorite
289,4323,neutral
784,307,neutral
1356,3811,like
802,4497,like
632,4273,neutral
1592,5162,like
1131,1959,like
981,217,like
1538,1140,wontsee
1233,772,wontsee
1606,8203,wontsee
1207,2640,wontsee
1193,7730,like
1267,2188,dislike
1522,1756,willsee
1539,590,like
1141,5567,willsee
959,903,like
1043,3602,like
1586,4787,wontsee
1690,5428,like
829,7214,like
1695,2127,willsee
784,6138,neutral
967,5354,like
948,4934,willsee
1339,4207,wontsee
43,820,like
1279,4752,like
1456,279,like
552,5364,wontsee
1143,4336,wontsee
328,7988,neutral
831,1597,wontsee
1192,3219,like
1586,1688,wontsee
246,4337,like
13,3509,wontsee
717,7988,like
1025,3880,like
340,1981,like
539,6561,favorite
365,6260,like
1643,2961,like
209,1923,dislike
132,1856,neutral
1607,4248,wontsee
1355,3355,wontsee
1456,4584,like
176,371,like
610,647,like
1091,3452,like
125,4203,dislike
860,2021,like
1306,424,like
122,2073,like
1120,5603,neutral
1661,6335,like
1306,2566,like
309,4813,like
823,1789,dislike
1340,4846,wontsee
81,4403,like
1472,7088,neutral
1697,7239,like
387,8008,wontsee
1265,97,wontsee
749,4934,neutral
647,3855,like
1695,5860,wontsee
1150,4355,like
89,1359,willsee
41,5610,neutral
650,6203,like
1406,1538,wontsee
981,3097,like
775,3040,like
1511,757,wontsee
636,5212,willsee
826,1529,like
604,1445,willsee
246,7711,like
1382,6593,neutral
357,176,like
194,7711,willsee
289,6004,neutral
1070,4284,wontsee
429,7212,wontsee
1295,3181,willsee
723,1929,wontsee
1477,6729,like
1695,4625,willsee
453,114,neutral
93,5751,like
475,3257,wontsee
1587,7796,like
397,6561,like
632,6291,dislike
39,2999,neutral
1109,5720,wontsee
1255,7070,wontsee
59,1789,like
1220,3787,like
110,5603,willsee
41,4195,neutral
289,4357,neutral
1047,2469,wontsee
420,2364,like
1694,1789,wontsee
1167,978,like
400,3889,like
496,4179,like
922,717,like
23,980,like
31,498,dislike
1586,1683,wontsee
1044,7074,willsee
1127,6939,like
1284,2819,like
1088,865,wontsee
958,3257,wontsee
839,3584,like
1249,7403,like
1015,1609,wontsee
340,8298,wontsee
667,3327,like
907,4126,like
869,1653,neutral
1289,3175,willsee
1362,6275,wontsee
165,820,like
363,886,like
1024,1961,like
659,119,wontsee
1383,4577,like
385,1772,willsee
1202,4060,willsee
552,5310,like
157,1463,neutral
222,1926,wontsee
475,5999,wontsee
182,3914,wontsee
124,2961,wontsee
1323,911,willsee
289,1620,willsee
896,4303,like
209,6042,wontsee
1610,3745,dislike
1295,6751,like
1661,4846,like
1148,6260,like
625,2021,wontsee
1674,3328,wontsee
1538,3824,like
1401,6809,wontsee
1214,7132,willsee
772,7999,like
1385,7385,wontsee
1233,7939,like
1327,5667,willsee
274,5096,willsee
1358,5408,like
1437,6749,favorite
1706,152,wontsee
1192,4741,like
45,7374,willsee
1143,6302,wontsee
1249,131,wontsee
125,491,neutral
121,8203,willsee
1438,6549,willsee
1267,3136,neutral
18,6223,willsee
1179,7845,neutral
966,4859,neutral
1084,7682,like
1390,1923,neutral
1590,45,dislike
414,3525,dislike
293,557,neutral
1683,3139,like
392,7932,like
1474,1789,neutral
632,2193,dislike
420,3180,like
414,1957,like
1143,6809,willsee
1415,7878,dislike
1078,2566,like
961,2678,dislike
967,3503,like
806,6561,like
401,2800,neutral
508,4351,like
707,2470,willsee
1275,705,wontsee
494,2803,like
987,1600,like
1029,4384,wontsee
1140,3854,like
777,1172,neutral
1526,6508,willsee
535,4352,like
1193,5773,wontsee
1461,4733,like
613,896,wontsee
1409,7384,wontsee
1522,3980,wontsee
205,2842,neutral
445,428,willsee
1199,1871,like
1540,5408,like
1025,1158,like
860,3745,neutral
1275,3175,like
1525,7499,favorite
918,6608,neutral
147,1078,like
795,7789,neutral
966,7280,like
48,2377,like
247,3964,wontsee
1680,3181,like
182,198,like
476,3257,like
1223,7403,like
1201,5812,dislike
997,6275,like
332,7167,like
804,2259,wontsee
1618,2655,willsee
46,1641,like
1280,1854,wontsee
1075,6260,wontsee
829,472,dislike
1167,7160,neutral
889,395,like
754,911,like
344,7061,like
17,4094,like
564,3584,like
1333,5269,wontsee
246,7439,neutral
867,4149,dislike
507,4945,dislike
840,2626,like
667,1317,dislike
839,3490,neutral
247,1072,wontsee
1322,6581,wontsee
802,4357,like
1206,5025,wontsee
1248,5410,neutral
1592,5977,like
205,7450,like
1083,7167,like
496,7074,like
80,114,like


