[{"model": "mangaki.anime", "pk": 1289, "fields": {"director": 209, "composer": 2117, "studio": 14, "author": 209, "editor": 3, "anime_type": "Film", "nb_episodes": "1x111min", "origin": "Japon", "anidb_aid": 275, "genre": [1, 11]}}, {"model": "mangaki.artist", "pk": 209, "fields": {"first_name": "Hayao", "last_name": "Miyazaki"}}, {"model": "mangaki.artist", "pk": 2117, "fields": {"first_name": "Joe", "last_name": "Hisaishi"}}, {"model": "mangaki.artist", "pk": 209, "fields": {"first_name": "Hayao", "last_name": "Miyazaki"}}, {"model": "mangaki.studio", "pk": 14, "fields": {"title": "Top Craft"}}, {"model": "mangaki.editor", "pk": 3, "fields": {"title": "Walt Disney Studios Entertainment"}}, {"model": "mangaki.genre", "pk": 1, "fields": {"title": "Fantastique"}}, {"model": "mangaki.genre", "pk": 11, "fields": {"title": "Drame"}}, {"model": "mangaki.anime", "pk": 14205, "fields": {"director": 1, "composer": 1, "studio": 1, "author": 1, "editor": 1, "anime_type": "", "nb_episodes": "Inconnu", "origin": "", "anidb_aid": 0, "genre": []}}, {"model": "mangaki.artist", "pk": 1, "fields": {"first_name": "Artiste", "last_name": "inconnu"}}, {"model": "mangaki.artist", "pk": 1, "fields": {"first_name": "Artiste", "last_name": "inconnu"}}, {"model": "mangaki.artist", "pk": 1, "fields": {"first_name": "Artiste", "last_name": "inconnu"}}, {"model": "mangaki.studio", "pk": 1, "fields": {"title": "Studio inconnu"}}, {"model": "mangaki.editor", "pk": 1, "fields": {"title": "\u00c9diteur inconnu"}}, {"model": "mangaki.anime", "pk": 9385, "fields": {"director": 2382, "composer": 2210, "studio": 1, "author": 827, "editor": 1, "anime_type": "", "nb_episodes": "Inconnu", "origin": "", "anidb_aid": 10272, "genre": []}}, {"model": "mangaki.artist", "pk": 2382, "fields": {"first_name": "Ken`ichi", "last_name": "Shimizu"}}, {"model": "mangaki.artist", "pk": 2210, "fields": {"first_name": "Arai", "last_name": "Ken"}}, {"model": "mangaki.artist", "pk": 827, "fields": {"first_name": "Hitoshi", "last_name": "Iwaaki"}}, {"model": "mangaki.studio", "pk": 1, "fields": {"title": "Studio inconnu"}}, {"model": "mangaki.editor", "pk": 1, "fields": {"title": "\u00c9diteur inconnu"}}, {"model": "mangaki.anime", "pk": 14196, "fields": {"director": 1, "composer": 1, "studio": 1, "author": 1, "editor": 1, "anime_type": "", "nb_episodes": "Inconnu", "origin": "", "anidb_aid": 0, "genre": []}}, {"model": "mangaki.artist", "pk": 1, "fields": {"first_name": "Artiste", "last_name": "inconnu"}}, {"model": "mangaki.artist", "pk": 1, "fields": {"first_name": "Artiste", "last_name": "inconnu"}}, {"model": "mangaki.artist", "pk": 1, "fields": {"first_name": "Artiste", "last_name": "inconnu"}}, {"model": "mangaki.studio", "pk": 1, "fields": {"title": "Studio inconnu"}}, {"model": "mangaki.editor", "pk": 1, "fields": {"title": "\u00c9diteur inconnu"}}, {"model": "mangaki.anime", "pk": 140, "fields": {"director": 2331, "composer": 2042, "studio": 43, "author": 2197, "editor": 5, "anime_type": "S\u00e9rie", "nb_episodes": "24x262min", "origin": "japon", "anidb_aid": 10407, "genre": [1, 3]}}, {"model": "mangaki.artist", "pk": 2331, "fields": {"first_name": "Tomoki", "last_name": "Kobayashi"}}, {"model": "mangaki.artist", "pk": 2042, "fields": {"first_name": "", "last_name": ""}}, {"model": "mangaki.artist", "pk": 2197, "fields": {"first_name": "Tetsuya", "last_name": "Tashiro"}}, {"model": "mangaki.studio", "pk": 43, "fields": {"title": "White Fox"}}, {"model": "mangaki.editor", "pk": 5, "fields": {"title": "Kaze"}}, {"model": "mangaki.genre", "pk": 1, "fields": {"title": "Fantastique"}}, {"model": "mangaki.genre", "pk": 3, "fields": {"title": "Aventure"}}, {"model": "mangaki.anime", "pk": 14199, "fields": {"director": 1, "composer": 1, "studio": 1, "author": 1, "editor": 1, "anime_type": "", "nb_episodes": "Inconnu", "origin": "", "anidb_aid": 0, "genre": []}}, {"model": "mangaki.artist", "pk": 1, "fields": {"first_name": "Artiste", "last_name": "inconnu"}}, {"model": "mangaki.artist", "pk": 1, "fields": {"first_name": "Artiste", "last_name": "inconnu"}}, {"model": "mangaki.artist", "pk": 1, "fields": {"first_name": "Artiste", "last_name": "inconnu"}}, {"model": "mangaki.studio", "pk": 1, "fields": {"title": "Studio inconnu"}}, {"model": "mangaki.editor", "pk": 1, "fields": {"title": "\u00c9diteur inconnu"}}, {"model": "mangaki.anime", "pk": 39, "fields": {"director": 2379, "composer": 2206, "studio": 31, "author": 2205, "editor": 4, "anime_type": "S\u00e9rie", "nb_episodes": "12x25min", "origin": "Japon", "anidb_aid": 7902, "genre": [6, 12]}}, {"model": "mangaki.artist", "pk": 2379, "fields": {"first_name": "Kouichi", "last_name": "Hatsumi"}}, {"model": "mangaki.artist", "pk": 2206, "fields": {"first_name": "", "last_name": "Narasaki"}}, {"model": "mangaki.artist", "pk": 2205, "fields": {"first_name": "Kazuma", "last_name": "Kondou"}}, {"model": "mangaki.studio", "pk": 31, "fields": {"title": "MANGLOBE"}}, {"model": "mangaki.editor", "pk": 4, "fields": {"title": "Dybex"}}, {"model": "mangaki.genre", "pk": 6, "fields": {"title": "Suspense"}}, {"model": "mangaki.genre", "pk": 12, "fields": {"title": "Science-fiction"}}, {"model": "mangaki.anime", "pk": 14198, "fields": {"director": 1, "composer": 1, "studio": 1, "author": 1, "editor": 1, "anime_type": "", "nb_episodes": "Inconnu", "origin": "", "anidb_aid": 0, "genre": []}}, {"model": "mangaki.artist", "pk": 1, "fields": {"first_name": "Artiste", "last_name": "inconnu"}}, {"model": "mangaki.artist", "pk": 1, "fields": {"first_name": "Artiste", "last_name": "inconnu"}}, {"model": "mangaki.artist", "pk": 1, "fields": {"first_name": "Artiste", "last_name": "inconnu"}}, {"model": "mangaki.studio", "pk": 1, "fields": {"title": "Studio inconnu"}}, {"model": "mangaki.editor", "pk": 1, "fields": {"title": "\u00c9diteur inconnu"}}, {"model": "mangaki.anime", "pk": 4060, "fields": {"director": 2383, "composer": 2118, "studio": 1, "author": 1449, "editor": 1, "anime_type": "", "nb_episodes": "Inconnu", "origin": "", "anidb_aid": 3030, "genre": []}}, {"model": "mangaki.artist", "pk": 2383, "fields": {"first_name": "Hirotsugu", "last_name": "Kawasaki"}}, {"model": "mangaki.artist", "pk": 2118, "fields": {"first_name": "Toshio", "last_name": "Masuda"}}, {"model": "mangaki.artist", "pk": 1449, "fields": {"first_name": "Masashi", "last_name": "Kishimoto"}}, {"model": "mangaki.studio", "pk": 1, "fields": {"title": "Studio inconnu"}}, {"model": "mangaki.editor", "pk": 1, "fields": {"title": "\u00c9diteur inconnu"}}, {"model": "mangaki.anime", "pk": 14207, "fields": {"director": 1, "composer": 1, "studio": 1, "author": 1, "editor": 1, "anime_type": "", "nb_episodes": "Inconnu", "origin": "", "anidb_aid": 0, "genre": []}}, {"model": "mangaki.artist", "pk": 1, "fields": {"first_name": "Artiste", "last_name": "inconnu"}}, {"model": "mangaki.artist", "pk": 1, "fields": {"first_name": "Artiste", "last_name": "inconnu"}}, {"model": "mangaki.artist", "pk": 1, "fields": {"first_name": "Artiste", "last_name": "inconnu"}}, {"model": "mangaki.studio", "pk": 1, "fields": {"title": "Studio inconnu"}}, {"model": "mangaki.editor", "pk": 1, "fields": {"title": "\u00c9diteur inconnu"}}, {"model": "mangaki.anime", "pk": 1584, "fields": {"director": 2055, "composer": 2232, "studio": 3, "author": 2059, "editor": 5, "anime_type": "Film", "nb_episodes": "1x90min", "origin": "Japon", "anidb_aid": 332, "genre": [9, 11]}}, {"model": "mangaki.artist", "pk": 2055, "fields": {"first_name": "Isao", "last_name": "Takahata"}}, {"model": "mangaki.artist", "pk": 2232, "fields": {"first_name": "Michio", "last_name": "Mamiya"}}, {"model": "mangaki.artist", "pk": 2059, "fields": {"first_name": "Akiyuki", "last_name": "Nosaka"}}, {"model": "mangaki.studio", "pk": 3, "fields": {"title": "Ghibli"}}, {"model": "mangaki.editor", "pk": 5, "fields": {"title": "Kaze"}}, {"model": "mangaki.genre", "pk": 9, "fields": {"title": "Historique"}}, {"model": "mangaki.genre", "pk": 11, "fields": {"title": "Drame"}}, {"model": "mangaki.anime", "pk": 14179, "fields": {"director": 1, "composer": 1, "studio": 1, "author": 1, "editor": 1, "anime_type": "", "nb_episodes": "Inconnu", "origin": "", "anidb_aid": 0, "genre": []}}, {"model": "mangaki.artist", "pk": 1, "fields": {"first_name": "Artiste", "last_name": "inconnu"}}, {"model": "mangaki.artist", "pk": 1, "fields": {"first_name": "Artiste", "last_name": "inconnu"}}, {"model": "mangaki.artist", "pk": 1, "fields": {"first_name": "Artiste", "last_name": "inconnu"}}, {"model": "mangaki.studio", "pk": 1, "fields": {"title": "Studio inconnu"}}, {"model": "mangaki.editor", "pk": 1, "fields": {"title": "\u00c9diteur inconnu"}}, {"model": "mangaki.anime", "pk": 139, "fields": {"director": 2358, "composer": 2153, "studio": 18, "author": 901, "editor": 12, "anime_type": "S\u00e9rie", "nb_episodes": "11x25min", "origin": "Japon", "anidb_aid": 959, "genre": [5, 7]}}, {"model": "mangaki.artist", "pk": 2358, "fields": {"first_name": "Yasuhiro", "last_name": "Takemoto"}}, {"model": "mangaki.artist", "pk": 2153, "fields": {"first_name": "Toshihiko", "last_name": "Sahashi"}}, {"model": "mangaki.artist", "pk": 901, "fields": {"first_name": "Sh\u00f4ji", "last_name": "Gat\u00f4"}}, {"model": "mangaki.studio", "pk": 18, "fields": {"title": "Kyoto Animation"}}, {"model": "mangaki.editor", "pk": 12, "fields": {"title": "D\u00e9clic Images"}}, {"model": "mangaki.genre", "pk": 5, "fields": {"title": "Comedie"}}, {"model": "mangaki.genre", "pk": 7, "fields": {"title": "Action"}}, {"model": "mangaki.anime", "pk": 14191, "fields": {"director": 1, "composer": 1, "studio": 1, "author": 1, "editor": 1, "anime_type": "", "nb_episodes": "Inconnu", "origin": "", "anidb_aid": 0, "genre": []}}, {"model": "mangaki.artist", "pk": 1, "fields": {"first_name": "Artiste", "last_name": "inconnu"}}, {"model": "mangaki.artist", "pk": 1, "fields": {"first_name": "Artiste", "last_name": "inconnu"}}, {"model": "mangaki.artist", "pk": 1, "fields": {"first_name": "Artiste", "last_name": "inconnu"}}, {"model": "mangaki.studio", "pk": 1, "fields": {"title": "Studio inconnu"}}, {"model": "mangaki.editor", "pk": 1, "fields": {"title": "\u00c9diteur inconnu"}}]
