[{"model": "mangaki.work", "pk": 1289, "fields": {"title": "Nausica\u00e4 of the Valley of the Wind", "source": "", "poster": "http://cdn.myanimelist.net/images/anime/7/42071.jpg", "nsfw": false, "date": "1984-03-11", "synopsis": "Sur une Terre ravag\u00e9e par la folie des hommes durant les sept jours de feu, une poign\u00e9e d'humains a surv\u00e9cu. Menac\u00e9e par une for\u00eat toxique qui ne cesse de prendre de l'ampleur, cette poign\u00e9e de survivants attend le salut de la princesse Nausica\u00e4, capable de communiquer avec tous les \u00eatres vivants.\\nTel est le monde o\u00f9 seule une l\u00e9gende, v\u00eatue d'une robe bleue, descendra d'un champ d'or pour restaurer une fois encore l'alliance perdue avec la Nature et guider les hommes vers un monde de bonheur et de puret\u00e9."}}, {"model": "mangaki.anime", "pk": 1289, "fields": {"director": 209, "composer": 2117, "studio": 14, "author": 209, "editor": 3, "anime_type": "Film", "nb_episodes": "1x111min", "origin": "Japon", "anidb_aid": 275, "genre": [1, 11]}}, {"model": "mangaki.artist", "pk": 209, "fields": {"first_name": "Hayao", "last_name": "Miyazaki"}}, {"model": "mangaki.artist", "pk": 2117, "fields": {"first_name": "Joe", "last_name": "Hisaishi"}}, {"model": "mangaki.artist", "pk": 209, "fields": {"first_name": "Hayao", "last_name": "Miyazaki"}}, {"model": "mangaki.studio", "pk": 14, "fields": {"title": "Top Craft"}}, {"model": "mangaki.editor", "pk": 3, "fields": {"title": "Walt Disney Studios Entertainment"}}, {"model": "mangaki.genre", "pk": 1, "fields": {"title": "Fantastique"}}, {"model": "mangaki.genre", "pk": 11, "fields": {"title": "Drame"}}, {"model": "mangaki.work", "pk": 14205, "fields": {"title": "Nausica\u00e4 of the Valley of the Wind", "source": "http://myanimelist.net/anime/572", "poster": "http://cdn.myanimelist.net/images/anime/10/75914.jpg", "nsfw": false, "date": "1984-03-11", "synopsis": ""}}, {"model": "mangaki.anime", "pk": 14205, "fields": {"director": 1, "composer": 1, "studio": 1, "author": 1, "editor": 1, "anime_type": "", "nb_episodes": "Inconnu", "origin": "", "anidb_aid": 0, "genre": []}}, {"model": "mangaki.artist", "pk": 1, "fields": {"first_name": "Artiste", "last_name": "inconnu"}}, {"model": "mangaki.artist", "pk": 1, "fields": {"first_name": "Artiste", "last_name": "inconnu"}}, {"model": "mangaki.artist", "pk": 1, "fields": {"first_name": "Artiste", "last_name": "inconnu"}}, {"model": "mangaki.studio", "pk": 1, "fields": {"title": "Studio inconnu"}}, {"model": "mangaki.editor", "pk": 1, "fields": {"title": "\u00c9diteur inconnu"}}, {"model": "mangaki.work", "pk": 9385, "fields": {"title": "Parasyte -the maxim-", "source": "", "poster": "http://cdn.myanimelist.net/images/anime/3/73178l.jpg", "nsfw": false, "date": "2014-10-09", "synopsis": ""}}, {"model": "mangaki.anime", "pk": 9385, "fields": {"director": 2382, "composer": 2210, "studio": 1, "author": 827, "editor": 1, "anime_type": "", "nb_episodes": "Inconnu", "origin": "", "anidb_aid": 10272, "genre": []}}, {"model": "mangaki.artist", "pk": 2382, "fields": {"first_name": "Ken`ichi", "last_name": "Shimizu"}}, {"model": "mangaki.artist", "pk": 2210, "fields": {"first_name": "Arai", "last_name": "Ken"}}, {"model": "mangaki.artist", "pk": 827, "fields": {"first_name": "Hitoshi", "last_name": "Iwaaki"}}, {"model": "mangaki.studio", "pk": 1, "fields": {"title": "Studio inconnu"}}, {"model": "mangaki.editor", "pk": 1, "fields": {"title": "\u00c9diteur inconnu"}}, {"model": "mangaki.work", "pk": 14196, "fields": {"title": "Parasyte -the maxim-", "source": "http://myanimelist.net/anime/22535", "poster": "http://cdn.myanimelist.net/images/anime/3/73178.jpg", "nsfw": false, "date": "2014-10-09", "synopsis": ""}}, {"model": "mangaki.anime", "pk": 14196, "fields": {"director": 1, "composer": 1, "studio": 1, "author": 1, "editor": 1, "anime_type": "", "nb_episodes": "Inconnu", "origin": "", "anidb_aid": 0, "genre": []}}, {"model": "mangaki.artist", "pk": 1, "fields": {"first_name": "Artiste", "last_name": "inconnu"}}, {"model": "mangaki.artist", "pk": 1, "fields": {"first_name": "Artiste", "last_name": "inconnu"}}, {"model": "mangaki.artist", "pk": 1, "fields": {"first_name": "Artiste", "last_name": "inconnu"}}, {"model": "mangaki.studio", "pk": 1, "fields": {"title": "Studio inconnu"}}, {"model": "mangaki.editor", "pk": 1, "fields": {"title": "\u00c9diteur inconnu"}}, {"model": "mangaki.work", "pk": 140, "fields": {"title": "Akame ga Kill!", "source": "", "poster": "http://cdn.myanimelist.net/images/anime/5/64581.jpg", "nsfw": true, "date": null, "synopsis": "Dans un monde peupl\u00e9 de cr\u00e9atures \u00e9tranges et dangereuses, Tatsumi est un jeune gar\u00e7on de la campagne en qu\u00eate de r\u00eave et d'aventure. Il se rend finalement \u00e0 la capitale dans le but de s'engager dans l'arm\u00e9e imp\u00e9riale pour faire fortune et sauver son village rong\u00e9 par la pauvret\u00e9. Mais confront\u00e9 \u00e0 la r\u00e9alit\u00e9 de la ville et \u00e0 sa corruption, Tatsumi va tr\u00e8s vite perdre ses illusions. En d\u00e9pit de toute attente, sa rencontre avec la troupe de tueurs du Night Raid va changer le cours de son destin\u2026 Son nouveau but : devenir un assassin pour d\u00e9barrasser la capitale des inf\u00e2mes crapules qui corrompent le pays entier !"}}, {"model": "mangaki.anime", "pk": 140, "fields": {"director": 2331, "composer": 2042, "studio": 43, "author": 2197, "editor": 5, "anime_type": "S\u00e9rie", "nb_episodes": "24x262min", "origin": "japon", "anidb_aid": 10407, "genre": [1, 3]}}, {"model": "mangaki.artist", "pk": 2331, "fields": {"first_name": "Tomoki", "last_name": "Kobayashi"}}, {"model": "mangaki.artist", "pk": 2042, "fields": {"first_name": "", "last_name": ""}}, {"model": "mangaki.artist", "pk": 2197, "fields": {"first_name": "Tetsuya", "last_name": "Tashiro"}}, {"model": "mangaki.studio", "pk": 43, "fields": {"title": "White Fox"}}, {"model": "mangaki.editor", "pk": 5, "fields": {"title": "Kaze"}}, {"model": "mangaki.genre", "pk": 1, "fields": {"title": "Fantastique"}}, {"model": "mangaki.genre", "pk": 3, "fields": {"title": "Aventure"}}, {"model": "mangaki.work", "pk": 14199, "fields": {"title": "Akame ga Kill!", "source": "http://myanimelist.net/anime/22199", "poster": "http://cdn.myanimelist.net/images/anime/8/75523.jpg", "nsfw": false, "date": "2014-07-07", "synopsis": ""}}, {"model": "mangaki.anime", "pk": 14199, "fields": {"director": 1, "composer": 1, "studio": 1, "author": 1, "editor": 1, "anime_type": "", "nb_episodes": "Inconnu", "origin": "", "anidb_aid": 0, "genre": []}}, {"model": "mangaki.artist", "pk": 1, "fields": {"first_name": "Artiste", "last_name": "inconnu"}}, {"model": "mangaki.artist", "pk": 1, "fields": {"first_name": "Artiste", "last_name": "inconnu"}}, {"model": "mangaki.artist", "pk": 1, "fields": {"first_name": "Artiste", "last_name": "inconnu"}}, {"model": "mangaki.studio", "pk": 1, "fields": {"title": "Studio inconnu"}}, {"model": "mangaki.editor", "pk": 1, "fields": {"title": "\u00c9diteur inconnu"}}, {"model": "mangaki.work", "pk": 39, "fields": {"title": "Deadman Wonderland", "source": "", "poster": "http://cdn.myanimelist.net/images/anime/12/29882.jpg", "nsfw": false, "date": null, "synopsis": "Dix ans apr\u00e8s un gigantesque tremblement de terre \u00e0 Tokyo, Ganta, un jeune \u00e9tudiant, vit une vie sans histoire, jusqu'\u00e0 ce qu'il fasse la rencontre d'un myst\u00e9rieux homme en rouge. Condamn\u00e9 \u00e0 mort pour un crime qu'il n'a pas commis, Ganta est enferm\u00e9 \u00e0 Deadman Wonderland, une prison priv\u00e9e, la seule en son genre, et dans laquelle Ganta va \u00eatre confront\u00e9 \u00e0 une nouvelle et terrifiante r\u00e9alit\u00e9.."}}, {"model": "mangaki.anime", "pk": 39, "fields": {"director": 2379, "composer": 2206, "studio": 31, "author": 2205, "editor": 4, "anime_type": "S\u00e9rie", "nb_episodes": "12x25min", "origin": "Japon", "anidb_aid": 7902, "genre": [6, 12]}}, {"model": "mangaki.artist", "pk": 2379, "fields": {"first_name": "Kouichi", "last_name": "Hatsumi"}}, {"model": "mangaki.artist", "pk": 2206, "fields": {"first_name": "", "last_name": "Narasaki"}}, {"model": "mangaki.artist", "pk": 2205, "fields": {"first_name": "Kazuma", "last_name": "Kondou"}}, {"model": "mangaki.studio", "pk": 31, "fields": {"title": "MANGLOBE"}}, {"model": "mangaki.editor", "pk": 4, "fields": {"title": "Dybex"}}, {"model": "mangaki.genre", "pk": 6, "fields": {"title": "Suspense"}}, {"model": "mangaki.genre", "pk": 12, "fields": {"title": "Science-fiction"}}, {"model": "mangaki.work", "pk": 14198, "fields": {"title": "Deadman Wonderland", "source": "http://myanimelist.net/anime/6880", "poster": "http://cdn.myanimelist.net/images/anime/9/75299.jpg", "nsfw": false, "date": "2011-04-17", "synopsis": ""}}, {"model": "mangaki.anime", "pk": 14198, "fields": {"director": 1, "composer": 1, "studio": 1, "author": 1, "editor": 1, "anime_type": "", "nb_episodes": "Inconnu", "origin": "", "anidb_aid": 0, "genre": []}}, {"model": "mangaki.artist", "pk": 1, "fields": {"first_name": "Artiste", "last_name": "inconnu"}}, {"model": "mangaki.artist", "pk": 1, "fields": {"first_name": "Artiste", "last_name": "inconnu"}}, {"model": "mangaki.artist", "pk": 1, "fields": {"first_name": "Artiste", "last_name": "inconnu"}}, {"model": "mangaki.studio", "pk": 1, "fields": {"title": "Studio inconnu"}}, {"model": "mangaki.editor", "pk": 1, "fields": {"title": "\u00c9diteur inconnu"}}, {"model": "mangaki.work", "pk": 4060, "fields": {"title": "Naruto the Movie 2: Legend of the Stone of Gelel", "source": "", "poster": "http://cdn.myanimelist.net/images/anime/2/24258.jpg", "nsfw": true, "date": "2005-08-06", "synopsis": ""}}, {"model": "mangaki.anime", "pk": 4060, "fields": {"director": 2383, "composer": 2118, "studio": 1, "author": 1449, "editor": 1, "anime_type": "", "nb_episodes": "Inconnu", "origin": "", "anidb_aid": 3030, "genre": []}}, {"model": "mangaki.artist", "pk": 2383, "fields": {"first_name": "Hirotsugu", "last_name": "Kawasaki"}}, {"model": "mangaki.artist", "pk": 2118, "fields": {"first_name": "Toshio", "last_name": "Masuda"}}, {"model": "mangaki.artist", "pk": 1449, "fields": {"first_name": "Masashi", "last_name": "Kishimoto"}}, {"model": "mangaki.studio", "pk": 1, "fields": {"title": "Studio inconnu"}}, {"model": "mangaki.editor", "pk": 1, "fields": {"title": "\u00c9diteur inconnu"}}, {"model": "mangaki.work", "pk": 14207, "fields": {"title": "Naruto the Movie 2: Legend of the Stone of Gelel", "source": "http://myanimelist.net/anime/936", "poster": "http://cdn.myanimelist.net/images/anime/11/76016.jpg", "nsfw": false, "date": "2005-08-06", "synopsis": ""}}, {"model": "mangaki.anime", "pk": 14207, "fields": {"director": 1, "composer": 1, "studio": 1, "author": 1, "editor": 1, "anime_type": "", "nb_episodes": "Inconnu", "origin": "", "anidb_aid": 0, "genre": []}}, {"model": "mangaki.artist", "pk": 1, "fields": {"first_name": "Artiste", "last_name": "inconnu"}}, {"model": "mangaki.artist", "pk": 1, "fields": {"first_name": "Artiste", "last_name": "inconnu"}}, {"model": "mangaki.artist", "pk": 1, "fields": {"first_name": "Artiste", "last_name": "inconnu"}}, {"model": "mangaki.studio", "pk": 1, "fields": {"title": "Studio inconnu"}}, {"model": "mangaki.editor", "pk": 1, "fields": {"title": "\u00c9diteur inconnu"}}, {"model": "mangaki.work", "pk": 1584, "fields": {"title": "Grave of the Fireflies", "source": "", "poster": "http://cdn.myanimelist.net/images/anime/4/42067.jpg", "nsfw": false, "date": "1988-04-15", "synopsis": "Japon, \u00e9t\u00e9 1945. Les bombardiers am\u00e9ricains arrosent Kob\u00e9 de plusieurs milliers de tonnes de bombes incendiaires. Un jeune adolescent et sa petite s\u0153ur perdent leurs parents. Ils se r\u00e9fugient dans leur famille proche mais cruelle. Leur qu\u00eate d\u00e9sesp\u00e9r\u00e9e d'un monde meilleur les am\u00e8nera \u00e0 traverser autant les ruines du Japon ensanglant\u00e9 par la fin de cette guerre qu'\u00e0 affronter l'indiff\u00e9rence et la cruaut\u00e9 des adultes."}}, {"model": "mangaki.anime", "pk": 1584, "fields": {"director": 2055, "composer": 2232, "studio": 3, "author": 2059, "editor": 5, "anime_type": "Film", "nb_episodes": "1x90min", "origin": "Japon", "anidb_aid": 332, "genre": [9, 11]}}, {"model": "mangaki.artist", "pk": 2055, "fields": {"first_name": "Isao", "last_name": "Takahata"}}, {"model": "mangaki.artist", "pk": 2232, "fields": {"first_name": "Michio", "last_name": "Mamiya"}}, {"model": "mangaki.artist", "pk": 2059, "fields": {"first_name": "Akiyuki", "last_name": "Nosaka"}}, {"model": "mangaki.studio", "pk": 3, "fields": {"title": "Ghibli"}}, {"model": "mangaki.editor", "pk": 5, "fields": {"title": "Kaze"}}, {"model": "mangaki.genre", "pk": 9, "fields": {"title": "Historique"}}, {"model": "mangaki.genre", "pk": 11, "fields": {"title": "Drame"}}, {"model": "mangaki.work", "pk": 14179, "fields": {"title": "Grave of the Fireflies", "source": "http://myanimelist.net/anime/578", "poster": "http://cdn.myanimelist.net/images/anime/7/75808.jpg", "nsfw": false, "date": "1988-04-15", "synopsis": ""}}, {"model": "mangaki.anime", "pk": 14179, "fields": {"director": 1, "composer": 1, "studio": 1, "author": 1, "editor": 1, "anime_type": "", "nb_episodes": "Inconnu", "origin": "", "anidb_aid": 0, "genre": []}}, {"model": "mangaki.artist", "pk": 1, "fields": {"first_name": "Artiste", "last_name": "inconnu"}}, {"model": "mangaki.artist", "pk": 1, "fields": {"first_name": "Artiste", "last_name": "inconnu"}}, {"model": "mangaki.artist", "pk": 1, "fields": {"first_name": "Artiste", "last_name": "inconnu"}}, {"model": "mangaki.studio", "pk": 1, "fields": {"title": "Studio inconnu"}}, {"model": "mangaki.editor", "pk": 1, "fields": {"title": "\u00c9diteur inconnu"}}, {"model": "mangaki.work", "pk": 139, "fields": {"title": "Full Metal Panic? Fumoffu", "source": "", "poster": "http://cdn.myanimelist.net/images/anime/13/21580.jpg", "nsfw": false, "date": null, "synopsis": "Sagara S\u00f4suke est un jeune gar\u00e7on qui a pass\u00e9 son enfance \u00e0 combattre sur les champs de bataille. Mercenaire, guerrier de talent, il se retrouve aujourd'hui au lyc\u00e9e et veille sur Kanam\u00e9 Chidori... Mais il ne se montre gu\u00e8re tr\u00e8s dou\u00e9 pour les relations humaines, notamment avec les filles ! Sa formation initiale et sa m\u00e9fiance poussent ainsi notre h\u00e9ros \u00e0 adopter un comportement pour le moins original, et qui va donner lieu \u00e0 une s\u00e9rie de d\u00e9bordements et de gaffes en tout genres !"}}, {"model": "mangaki.anime", "pk": 139, "fields": {"director": 2358, "composer": 2153, "studio": 18, "author": 901, "editor": 12, "anime_type": "S\u00e9rie", "nb_episodes": "11x25min", "origin": "Japon", "anidb_aid": 959, "genre": [5, 7]}}, {"model": "mangaki.artist", "pk": 2358, "fields": {"first_name": "Yasuhiro", "last_name": "Takemoto"}}, {"model": "mangaki.artist", "pk": 2153, "fields": {"first_name": "Toshihiko", "last_name": "Sahashi"}}, {"model": "mangaki.artist", "pk": 901, "fields": {"first_name": "Sh\u00f4ji", "last_name": "Gat\u00f4"}}, {"model": "mangaki.studio", "pk": 18, "fields": {"title": "Kyoto Animation"}}, {"model": "mangaki.editor", "pk": 12, "fields": {"title": "D\u00e9clic Images"}}, {"model": "mangaki.genre", "pk": 5, "fields": {"title": "Comedie"}}, {"model": "mangaki.genre", "pk": 7, "fields": {"title": "Action"}}, {"model": "mangaki.work", "pk": 14191, "fields": {"title": "Full Metal Panic? Fumoffu", "source": "http://myanimelist.net/anime/72", "poster": "http://cdn.myanimelist.net/images/anime/4/75260.jpg", "nsfw": false, "date": "2003-08-26", "synopsis": ""}}, {"model": "mangaki.anime", "pk": 14191, "fields": {"director": 1, "composer": 1, "studio": 1, "author": 1, "editor": 1, "anime_type": "", "nb_episodes": "Inconnu", "origin": "", "anidb_aid": 0, "genre": []}}, {"model": "mangaki.artist", "pk": 1, "fields": {"first_name": "Artiste", "last_name": "inconnu"}}, {"model": "mangaki.artist", "pk": 1, "fields": {"first_name": "Artiste", "last_name": "inconnu"}}, {"model": "mangaki.artist", "pk": 1, "fields": {"first_name": "Artiste", "last_name": "inconnu"}}, {"model": "mangaki.studio", "pk": 1, "fields": {"title": "Studio inconnu"}}, {"model": "mangaki.editor", "pk": 1, "fields": {"title": "\u00c9diteur inconnu"}}]
