[{"model": "mangaki.anime", "pk": 2591, "fields": {"director": 2385, "composer": 2213, "studio": 3, "author": 2212, "editor": 3, "anime_type": "Film", "nb_episodes": "1x94min", "origin": "japon", "anidb_aid": 7258, "genre": [1, 17]}}, {"model": "mangaki.artist", "pk": 2385, "fields": {"first_name": "Hiromasa", "last_name": "Yonebayashi"}}, {"model": "mangaki.artist", "pk": 2213, "fields": {"first_name": "Corbel", "last_name": "Cecile"}}, {"model": "mangaki.artist", "pk": 2212, "fields": {"first_name": "Norton", "last_name": "Mary"}}, {"model": "mangaki.studio", "pk": 3, "fields": {"title": "Ghibli"}}, {"model": "mangaki.editor", "pk": 3, "fields": {"title": "Walt Disney Studios Entertainment"}}, {"model": "mangaki.genre", "pk": 1, "fields": {"title": "Fantastique"}}, {"model": "mangaki.genre", "pk": 17, "fields": {"title": "Conte"}}, {"model": "mangaki.anime", "pk": 8153, "fields": {"director": 2469, "composer": 2471, "studio": 1, "author": 2470, "editor": 1, "anime_type": "film", "nb_episodes": "Inconnu", "origin": "japon", "anidb_aid": 8141, "genre": [2, 4]}}, {"model": "mangaki.artist", "pk": 2469, "fields": {"first_name": "Gorou", "last_name": "Miyazaki"}}, {"model": "mangaki.artist", "pk": 2471, "fields": {"first_name": "Satoshi", "last_name": "Takebe"}}, {"model": "mangaki.artist", "pk": 2470, "fields": {"first_name": "Chizuru", "last_name": "Takahashi"}}, {"model": "mangaki.studio", "pk": 1, "fields": {"title": "Studio inconnu"}}, {"model": "mangaki.editor", "pk": 1, "fields": {"title": "\u00c9diteur inconnu"}}, {"model": "mangaki.genre", "pk": 2, "fields": {"title": "Romance"}}, {"model": "mangaki.genre", "pk": 4, "fields": {"title": "Tranche-de-vie"}}, {"model": "mangaki.anime", "pk": 2461, "fields": {"director": 2469, "composer": 2472, "studio": 1, "author": 2473, "editor": 1, "anime_type": "film", "nb_episodes": "1", "origin": "japon", "anidb_aid": 4193, "genre": [1]}}, {"model": "mangaki.artist", "pk": 2469, "fields": {"first_name": "Gorou", "last_name": "Miyazaki"}}, {"model": "mangaki.artist", "pk": 2472, "fields": {"first_name": "Tamiya", "last_name": "Terashima"}}, {"model": "mangaki.artist", "pk": 2473, "fields": {"first_name": "Ursula K. Le", "last_name": "Guin"}}, {"model": "mangaki.studio", "pk": 1, "fields": {"title": "Studio inconnu"}}, {"model": "mangaki.editor", "pk": 1, "fields": {"title": "\u00c9diteur inconnu"}}, {"model": "mangaki.genre", "pk": 1, "fields": {"title": "Fantastique"}}, {"model": "mangaki.anime", "pk": 53, "fields": {"director": 209, "composer": 2117, "studio": 3, "author": 2133, "editor": 3, "anime_type": "Film", "nb_episodes": "1x90min", "origin": "japon", "anidb_aid": 1218, "genre": [1, 3]}}, {"model": "mangaki.artist", "pk": 209, "fields": {"first_name": "Hayao", "last_name": "Miyazaki"}}, {"model": "mangaki.artist", "pk": 2117, "fields": {"first_name": "Joe", "last_name": "Hisaishi"}}, {"model": "mangaki.artist", "pk": 2133, "fields": {"first_name": "Diana Wynne", "last_name": "Jones"}}, {"model": "mangaki.studio", "pk": 3, "fields": {"title": "Ghibli"}}, {"model": "mangaki.editor", "pk": 3, "fields": {"title": "Walt Disney Studios Entertainment"}}, {"model": "mangaki.genre", "pk": 1, "fields": {"title": "Fantastique"}}, {"model": "mangaki.genre", "pk": 3, "fields": {"title": "Aventure"}}, {"model": "mangaki.anime", "pk": 958, "fields": {"director": 209, "composer": 2117, "studio": 3, "author": 209, "editor": 3, "anime_type": "Film", "nb_episodes": "1x130mn", "origin": "japon", "anidb_aid": 9514, "genre": [9, 11]}}, {"model": "mangaki.artist", "pk": 209, "fields": {"first_name": "Hayao", "last_name": "Miyazaki"}}, {"model": "mangaki.artist", "pk": 2117, "fields": {"first_name": "Joe", "last_name": "Hisaishi"}}, {"model": "mangaki.artist", "pk": 209, "fields": {"first_name": "Hayao", "last_name": "Miyazaki"}}, {"model": "mangaki.studio", "pk": 3, "fields": {"title": "Ghibli"}}, {"model": "mangaki.editor", "pk": 3, "fields": {"title": "Walt Disney Studios Entertainment"}}, {"model": "mangaki.genre", "pk": 9, "fields": {"title": "Historique"}}, {"model": "mangaki.genre", "pk": 11, "fields": {"title": "Drame"}}, {"model": "mangaki.anime", "pk": 30, "fields": {"director": 209, "composer": 2117, "studio": 3, "author": 209, "editor": 3, "anime_type": "Film", "nb_episodes": "1x125min", "origin": "japon", "anidb_aid": 112, "genre": [1, 7]}}, {"model": "mangaki.artist", "pk": 209, "fields": {"first_name": "Hayao", "last_name": "Miyazaki"}}, {"model": "mangaki.artist", "pk": 2117, "fields": {"first_name": "Joe", "last_name": "Hisaishi"}}, {"model": "mangaki.artist", "pk": 209, "fields": {"first_name": "Hayao", "last_name": "Miyazaki"}}, {"model": "mangaki.studio", "pk": 3, "fields": {"title": "Ghibli"}}, {"model": "mangaki.editor", "pk": 3, "fields": {"title": "Walt Disney Studios Entertainment"}}, {"model": "mangaki.genre", "pk": 1, "fields": {"title": "Fantastique"}}, {"model": "mangaki.genre", "pk": 7, "fields": {"title": "Action"}}, {"model": "mangaki.anime", "pk": 1563, "fields": {"director": 209, "composer": 2117, "studio": 3, "author": 209, "editor": 3, "anime_type": "Film", "nb_episodes": "1x90min", "origin": "japon", "anidb_aid": 5107, "genre": [1, 27]}}, {"model": "mangaki.artist", "pk": 209, "fields": {"first_name": "Hayao", "last_name": "Miyazaki"}}, {"model": "mangaki.artist", "pk": 2117, "fields": {"first_name": "Joe", "last_name": "Hisaishi"}}, {"model": "mangaki.artist", "pk": 209, "fields": {"first_name": "Hayao", "last_name": "Miyazaki"}}, {"model": "mangaki.studio", "pk": 3, "fields": {"title": "Ghibli"}}, {"model": "mangaki.editor", "pk": 3, "fields": {"title": "Walt Disney Studios Entertainment"}}, {"model": "mangaki.genre", "pk": 1, "fields": {"title": "Fantastique"}}, {"model": "mangaki.genre", "pk": 27, "fields": {"title": "Philosophique"}}, {"model": "mangaki.anime", "pk": 410, "fields": {"director": 209, "composer": 1, "studio": 3, "author": 209, "editor": 3, "anime_type": "Film", "nb_episodes": "1x90min", "origin": "Japon", "anidb_aid": 306, "genre": [3, 11]}}, {"model": "mangaki.artist", "pk": 209, "fields": {"first_name": "Hayao", "last_name": "Miyazaki"}}, {"model": "mangaki.artist", "pk": 1, "fields": {"first_name": "Artiste", "last_name": "inconnu"}}, {"model": "mangaki.artist", "pk": 209, "fields": {"first_name": "Hayao", "last_name": "Miyazaki"}}, {"model": "mangaki.studio", "pk": 3, "fields": {"title": "Ghibli"}}, {"model": "mangaki.editor", "pk": 3, "fields": {"title": "Walt Disney Studios Entertainment"}}, {"model": "mangaki.genre", "pk": 3, "fields": {"title": "Aventure"}}, {"model": "mangaki.genre", "pk": 11, "fields": {"title": "Drame"}}, {"model": "mangaki.anime", "pk": 60, "fields": {"director": 209, "composer": 2117, "studio": 3, "author": 209, "editor": 3, "anime_type": "Film", "nb_episodes": "1x115min", "origin": "japon", "anidb_aid": 7, "genre": [1, 7]}}, {"model": "mangaki.artist", "pk": 209, "fields": {"first_name": "Hayao", "last_name": "Miyazaki"}}, {"model": "mangaki.artist", "pk": 2117, "fields": {"first_name": "Joe", "last_name": "Hisaishi"}}, {"model": "mangaki.artist", "pk": 209, "fields": {"first_name": "Hayao", "last_name": "Miyazaki"}}, {"model": "mangaki.studio", "pk": 3, "fields": {"title": "Ghibli"}}, {"model": "mangaki.editor", "pk": 3, "fields": {"title": "Walt Disney Studios Entertainment"}}, {"model": "mangaki.genre", "pk": 1, "fields": {"title": "Fantastique"}}, {"model": "mangaki.genre", "pk": 7, "fields": {"title": "Action"}}, {"model": "mangaki.anime", "pk": 3315, "fields": {"director": 2343, "composer": 2305, "studio": 1, "author": 290, "editor": 1, "anime_type": "Film", "nb_episodes": "Inconnu", "origin": "japon", "anidb_aid": 679, "genre": [1, 3]}}, {"model": "mangaki.artist", "pk": 2343, "fields": {"first_name": "Hiroyuki", "last_name": "Morita"}}, {"model": "mangaki.artist", "pk": 2305, "fields": {"first_name": "Yuuji", "last_name": "Nomi"}}, {"model": "mangaki.artist", "pk": 290, "fields": {"first_name": "Aoi", "last_name": "Hiiragi"}}, {"model": "mangaki.studio", "pk": 1, "fields": {"title": "Studio inconnu"}}, {"model": "mangaki.editor", "pk": 1, "fields": {"title": "\u00c9diteur inconnu"}}, {"model": "mangaki.genre", "pk": 1, "fields": {"title": "Fantastique"}}, {"model": "mangaki.genre", "pk": 3, "fields": {"title": "Aventure"}}, {"model": "mangaki.anime", "pk": 3177, "fields": {"director": 2055, "composer": 2474, "studio": 1, "author": 1376, "editor": 1, "anime_type": "film", "nb_episodes": "Inconnu", "origin": "japon", "anidb_aid": 370, "genre": [4]}}, {"model": "mangaki.artist", "pk": 2055, "fields": {"first_name": "Isao", "last_name": "Takahata"}}, {"model": "mangaki.artist", "pk": 2474, "fields": {"first_name": "Akiko", "last_name": "Yano"}}, {"model": "mangaki.artist", "pk": 1376, "fields": {"first_name": "Hisaichi", "last_name": "Ishii"}}, {"model": "mangaki.studio", "pk": 1, "fields": {"title": "Studio inconnu"}}, {"model": "mangaki.editor", "pk": 1, "fields": {"title": "\u00c9diteur inconnu"}}, {"model": "mangaki.genre", "pk": 4, "fields": {"title": "Tranche-de-vie"}}]
