[{"model": "mangaki.work", "fields": {"title": "Arrietty, le petit monde des chapardeurs", "category": 1, "source": "", "synopsis": "Dans la banlieue de Tokyo, sous le plancher d'une vieille maison perdue au c\u0153ur d'un immense jardin, la minuscule Arrietty vit en secret avec sa famille. Ce sont des Chapardeurs.Arrietty conna\u00eet les r\u00e8gles: on n'emprunte que ce dont on a besoin, en tellement petite quantit\u00e9 que les habitants de la maison ne s'en aper\u00e7oivent pas. Plus important encore, on se m\u00e9fie du chat, des rats, et interdiction absolue d'\u00eatre vus par les humains sous peine d'\u00eatre oblig\u00e9s de d\u00e9m\u00e9nager et de perdre cet univers miniature fascinant fait d'objets d\u00e9tourn\u00e9s.Arrietty sait tout cela. Pourtant, lorsqu'un jeune gar\u00e7on, Sho, arrive \u00e0 la maison pour se reposer avant une grave op\u00e9ration, elle sent que tout sera diff\u00e9rent. Entre la jeune fille et celui qu'elle voit comme un g\u00e9ant, commence une aventure et une amiti\u00e9 que personne ne pourra oublier...", "poster": "http://cdn.myanimelist.net/images/anime/9/75905.jpg", "nsfw": false, "date": "2010-07-17"}, "pk": 2591}, {"model": "mangaki.anime", "fields": {"nb_episodes": "1x94min", "composer": 2213, "anime_type": "Film", "genre": [1, 17], "studio": 3, "editor": 3, "director": 2385, "author": 2212, "origin": "japon", "anidb_aid": 7258}, "pk": 2591}, {"model": "mangaki.artist", "fields": {"last_name": "Yonebayashi", "first_name": "Hiromasa"}, "pk": 2385}, {"model": "mangaki.artist", "fields": {"last_name": "Cecile", "first_name": "Corbel"}, "pk": 2213}, {"model": "mangaki.artist", "fields": {"last_name": "Mary", "first_name": "Norton"}, "pk": 2212}, {"model": "mangaki.studio", "fields": {"title": "Ghibli"}, "pk": 3}, {"model": "mangaki.editor", "fields": {"title": "Walt Disney Studios Entertainment"}, "pk": 3}, {"model": "mangaki.genre", "fields": {"title": "Fantastique"}, "pk": 1}, {"model": "mangaki.genre", "fields": {"title": "Conte"}, "pk": 17}, {"model": "mangaki.work", "fields": {"title": "La Colline aux coquelicots", "category": 1, "source": "", "synopsis": "", "poster": "http://cdn.myanimelist.net/images/anime/8/32547.jpg", "nsfw": false, "date": "2011-07-16"}, "pk": 8153}, {"model": "mangaki.anime", "fields": {"nb_episodes": "Inconnu", "composer": 2471, "anime_type": "film", "genre": [2, 4], "studio": 1, "editor": 1, "director": 2469, "author": 2470, "origin": "japon", "anidb_aid": 8141}, "pk": 8153}, {"model": "mangaki.artist", "fields": {"last_name": "Miyazaki", "first_name": "Gorou"}, "pk": 2469}, {"model": "mangaki.artist", "fields": {"last_name": "Takebe", "first_name": "Satoshi"}, "pk": 2471}, {"model": "mangaki.artist", "fields": {"last_name": "Takahashi", "first_name": "Chizuru"}, "pk": 2470}, {"model": "mangaki.studio", "fields": {"title": "Studio inconnu"}, "pk": 1}, {"model": "mangaki.editor", "fields": {"title": "\u00c9diteur inconnu"}, "pk": 1}, {"model": "mangaki.genre", "fields": {"title": "Romance"}, "pk": 2}, {"model": "mangaki.genre", "fields": {"title": "Tranche-de-vie"}, "pk": 4}, {"model": "mangaki.work", "fields": {"title": "Contes de Terremer", "category": 1, "source": "", "synopsis": "", "poster": "http://cdn.myanimelist.net/images/anime/5/73443.jpg", "nsfw": false, "date": "2006-07-29"}, "pk": 2461}, {"model": "mangaki.anime", "fields": {"nb_episodes": "1", "composer": 2472, "anime_type": "film", "genre": [1], "studio": 1, "editor": 1, "director": 2469, "author": 2473, "origin": "japon", "anidb_aid": 4193}, "pk": 2461}, {"model": "mangaki.artist", "fields": {"last_name": "Miyazaki", "first_name": "Gorou"}, "pk": 2469}, {"model": "mangaki.artist", "fields": {"last_name": "Terashima", "first_name": "Tamiya"}, "pk": 2472}, {"model": "mangaki.artist", "fields": {"last_name": "Guin", "first_name": "Ursula K. Le"}, "pk": 2473}, {"model": "mangaki.studio", "fields": {"title": "Studio inconnu"}, "pk": 1}, {"model": "mangaki.editor", "fields": {"title": "\u00c9diteur inconnu"}, "pk": 1}, {"model": "mangaki.genre", "fields": {"title": "Fantastique"}, "pk": 1}, {"model": "mangaki.work", "fields": {"title": "Le Ch\u00e2teau ambulant", "category": 1, "source": "", "synopsis": "Sophie travaille, avec ardeur, dans une boutique de chapeaux, sa vie est sans histoire. Mais un jour, alors qu'elle va voir une de ses s\u0153urs, elle rencontre par hasard Hauru le Magicien (Howl en anglais et Howl (\u30cf\u30a6\u30eb Hauru) en japonais), il l'aide \u00e0 se rendre \u00e0 sa destination. Mais la Sorci\u00e8re des Landes, jalouse de l'inter\u00eat soudain d'Hauru pour la jeune fille, la transforme en une vieille femme de 90 ans.Forc\u00e9e de quitter le magasin et sa famille, Sophie part sans savoir o\u00f9 aller. Elle trouve finalement refuge dans le ch\u00e2teau de Hauru, o\u00f9 elle entre sans se faire inviter pour se prot\u00e8ger du vent glacial. Elle cache \u00e0 celui-ci sa v\u00e9ritable identit\u00e9, mais il est clairvoyant. Calcifer le d\u00e9mon qui active le ch\u00e2teau, lui propose un march\u00e9 : elle doit d\u00e9couvrir le secret qui l'unit \u00e0 Hauru, ainsi celui-ci sera bris\u00e9, et il la lib\u00e8rera de la mal\u00e9diction de la sorci\u00e8re.Sophie reste alors dans le ch\u00e2teau, comme femme de m\u00e9nage, et m\u00e8ne peu \u00e0 peu ses recherches concernant ce myst\u00e9rieux pacte.", "poster": "http://cdn.myanimelist.net/images/anime/5/75810.jpg", "nsfw": false, "date": null}, "pk": 53}, {"model": "mangaki.anime", "fields": {"nb_episodes": "1x90min", "composer": 2117, "anime_type": "Film", "genre": [1, 3], "studio": 3, "editor": 3, "director": 209, "author": 2133, "origin": "japon", "anidb_aid": 1218}, "pk": 53}, {"model": "mangaki.artist", "fields": {"last_name": "Miyazaki", "first_name": "Hayao"}, "pk": 209}, {"model": "mangaki.artist", "fields": {"last_name": "Hisaishi", "first_name": "Joe"}, "pk": 2117}, {"model": "mangaki.artist", "fields": {"last_name": "Jones", "first_name": "Diana Wynne"}, "pk": 2133}, {"model": "mangaki.studio", "fields": {"title": "Ghibli"}, "pk": 3}, {"model": "mangaki.editor", "fields": {"title": "Walt Disney Studios Entertainment"}, "pk": 3}, {"model": "mangaki.genre", "fields": {"title": "Fantastique"}, "pk": 1}, {"model": "mangaki.genre", "fields": {"title": "Aventure"}, "pk": 3}, {"model": "mangaki.work", "fields": {"title": "Le Vent se l\u00e8ve", "category": 1, "source": "", "synopsis": "L'histoire de l'ing\u00e9nieur japonais Jiro Horikoshi, connu pour avoir cr\u00e9\u00e9 l'avion de chasse Mitsubishi A6M, surnomm\u00e9 chasseur Zero et devenu le symbole de la lutte a\u00e9rienne du Japon durant la Seconde Guerre mondiale.", "poster": "http://cdn.myanimelist.net/images/anime/8/52353.jpg", "nsfw": false, "date": "2013-07-20"}, "pk": 958}, {"model": "mangaki.anime", "fields": {"nb_episodes": "1x130mn", "composer": 2117, "anime_type": "Film", "genre": [9, 11], "studio": 3, "editor": 3, "director": 209, "author": 209, "origin": "japon", "anidb_aid": 9514}, "pk": 958}, {"model": "mangaki.artist", "fields": {"last_name": "Miyazaki", "first_name": "Hayao"}, "pk": 209}, {"model": "mangaki.artist", "fields": {"last_name": "Hisaishi", "first_name": "Joe"}, "pk": 2117}, {"model": "mangaki.artist", "fields": {"last_name": "Miyazaki", "first_name": "Hayao"}, "pk": 209}, {"model": "mangaki.studio", "fields": {"title": "Ghibli"}, "pk": 3}, {"model": "mangaki.editor", "fields": {"title": "Walt Disney Studios Entertainment"}, "pk": 3}, {"model": "mangaki.genre", "fields": {"title": "Historique"}, "pk": 9}, {"model": "mangaki.genre", "fields": {"title": "Drame"}, "pk": 11}, {"model": "mangaki.work", "fields": {"title": "Le Voyage de Chihiro", "category": 1, "source": "", "synopsis": "Chihiro, une fillette de 10 ans, est en route vers sa nouvelle demeure en compagnie de ses parents. Au cours du voyage, la famille fait une halte dans un parc \u00e0 th\u00e8me qui leur para\u00eet d\u00e9labr\u00e9. Lors de la visite, les parents s'arr\u00eatent dans un des b\u00e2timents pour d\u00e9guster quelques mets tr\u00e8s app\u00e9tissants, apparus comme par enchantement. H\u00e9las, cette nourriture les transforme en porcs... Prise de panique, Chihiro s'enfuit et se retrouve seule dans cet univers fantasmagorique; elle rencontre alors l'\u00e9nigmatique Haku, son seul alli\u00e9 dans cette terrible \u00e9preuve...", "poster": "http://cdn.myanimelist.net/images/anime/10/42079.jpg", "nsfw": false, "date": null}, "pk": 30}, {"model": "mangaki.anime", "fields": {"nb_episodes": "1x125min", "composer": 2117, "anime_type": "Film", "genre": [1, 7], "studio": 3, "editor": 3, "director": 209, "author": 209, "origin": "japon", "anidb_aid": 112}, "pk": 30}, {"model": "mangaki.artist", "fields": {"last_name": "Miyazaki", "first_name": "Hayao"}, "pk": 209}, {"model": "mangaki.artist", "fields": {"last_name": "Hisaishi", "first_name": "Joe"}, "pk": 2117}, {"model": "mangaki.artist", "fields": {"last_name": "Miyazaki", "first_name": "Hayao"}, "pk": 209}, {"model": "mangaki.studio", "fields": {"title": "Ghibli"}, "pk": 3}, {"model": "mangaki.editor", "fields": {"title": "Walt Disney Studios Entertainment"}, "pk": 3}, {"model": "mangaki.genre", "fields": {"title": "Fantastique"}, "pk": 1}, {"model": "mangaki.genre", "fields": {"title": "Action"}, "pk": 7}, {"model": "mangaki.work", "fields": {"title": "Ponyo sur la falaise", "category": 1, "source": "", "synopsis": "Le petit Sosuke, cinq ans, habite un village construit au sommet d'une falaise qui surplombe la Mer Int\u00e9rieure. Un beau matin, alors qu'il joue sur la plage en contrebas, il d\u00e9couvre une petite fille poisson rouge nomm\u00e9e Ponyo, pi\u00e9g\u00e9e dans un pot de confiture. Sosuke la sauve, et d\u00e9cide de la garder avec lui dans un seau.Ponyo est aussi fascin\u00e9e par Sosuke que ce dernier l'est par elle. Le petit gar\u00e7on lui promet de la prot\u00e9ger et de s'occuper d'elle, mais le p\u00e8re de Ponyo, Fujimoto - un sorcier autrefois humain qui vit tout au fond de la mer - la force \u00e0 revenir avec lui dans les profondeurs. Bien d\u00e9cid\u00e9e \u00e0 devenir humaine, Ponyo s'\u00e9chappe pour retrouver Sosuke.Mais avant de prendre la fuite, elle r\u00e9pand l'\u00e9lixir magique de Fujimoto, l'Eau de la Vie, dans l'oc\u00e9an. Le niveau de la mer s'\u00e9l\u00e8ve, et les soeurs de Ponyo sont transform\u00e9es en vagues gigantesques qui montent jusqu'\u00e0 la maison de Sosuke sur la falaise, et engloutissent le village...Une petite fille et un petit gar\u00e7on. L'amour et la responsabilit\u00e9. La mer et l'essence de la vie. V\u00e9ritable antidote \u00e0 l'anxi\u00e9t\u00e9 et aux doutes de notre \u00e9poque, Ponyo sur la falaise est la fabuleuse histoire d'une m\u00e8re et de son enfant.", "poster": "http://cdn.myanimelist.net/images/anime/7/8970.jpg", "nsfw": false, "date": "2008-07-19"}, "pk": 1563}, {"model": "mangaki.anime", "fields": {"nb_episodes": "1x90min", "composer": 2117, "anime_type": "Film", "genre": [1, 27], "studio": 3, "editor": 3, "director": 209, "author": 209, "origin": "japon", "anidb_aid": 5107}, "pk": 1563}, {"model": "mangaki.artist", "fields": {"last_name": "Miyazaki", "first_name": "Hayao"}, "pk": 209}, {"model": "mangaki.artist", "fields": {"last_name": "Hisaishi", "first_name": "Joe"}, "pk": 2117}, {"model": "mangaki.artist", "fields": {"last_name": "Miyazaki", "first_name": "Hayao"}, "pk": 209}, {"model": "mangaki.studio", "fields": {"title": "Ghibli"}, "pk": 3}, {"model": "mangaki.editor", "fields": {"title": "Walt Disney Studios Entertainment"}, "pk": 3}, {"model": "mangaki.genre", "fields": {"title": "Fantastique"}, "pk": 1}, {"model": "mangaki.genre", "fields": {"title": "Philosophique"}, "pk": 27}, {"model": "mangaki.work", "fields": {"title": "Porco Rosso", "category": 1, "source": "", "synopsis": "Dans l'entre-deux-guerres, quelque part en Italie, un pilote hors-pair, est victime d'un sortil\u00e8ge. Il devient chasseur de prime, et \u00e9tablit son rep\u00e8re sur une \u00eele d\u00e9serte de l'Adriatique. Surnomm\u00e9 Porco Rosso par ses ennemis, les pirates de l'air et brigands de tout poil, il affronte les meilleurs pilotes en duel a\u00e9rien \u00e0 bord de son splendide hydravion rouge. Il vole au secours des faibles et un jour rencontre l'amour. Mais qui percera le secret de sa m\u00e9tamorphose ?...", "poster": "http://cdn.myanimelist.net/images/anime/6/2878.jpg", "nsfw": false, "date": "1992-07-18"}, "pk": 410}, {"model": "mangaki.anime", "fields": {"nb_episodes": "1x90min", "composer": 1, "anime_type": "Film", "genre": [3, 11], "studio": 3, "editor": 3, "director": 209, "author": 209, "origin": "Japon", "anidb_aid": 306}, "pk": 410}, {"model": "mangaki.artist", "fields": {"last_name": "Miyazaki", "first_name": "Hayao"}, "pk": 209}, {"model": "mangaki.artist", "fields": {"last_name": "inconnu", "first_name": "Artiste"}, "pk": 1}, {"model": "mangaki.artist", "fields": {"last_name": "Miyazaki", "first_name": "Hayao"}, "pk": 209}, {"model": "mangaki.studio", "fields": {"title": "Ghibli"}, "pk": 3}, {"model": "mangaki.editor", "fields": {"title": "Walt Disney Studios Entertainment"}, "pk": 3}, {"model": "mangaki.genre", "fields": {"title": "Aventure"}, "pk": 3}, {"model": "mangaki.genre", "fields": {"title": "Drame"}, "pk": 11}, {"model": "mangaki.work", "fields": {"title": "Princesse Mononok\u00e9", "category": 1, "source": "", "synopsis": "Bless\u00e9 par un sanglier rendu par les d\u00e9mons, le jeune guerrier Ashitaka doit quitter les siens et partir \u00e0 la recherche du Dieu-cerf qui, seul, pourra d\u00e9faire le sortil\u00e8ge. Au cours de son voyage, Ashitaka rencontre Lady Eboshi, une femme \u00e0 la t\u00eate d'une communaut\u00e9 de forgerons, qui doit se d\u00e9fendre contre ceux qui lui reprochent de d\u00e9truire la for\u00eat pour alimenter ses forges.", "poster": "http://cdn.myanimelist.net/images/anime/7/75919.jpg", "nsfw": false, "date": null}, "pk": 60}, {"model": "mangaki.anime", "fields": {"nb_episodes": "1x115min", "composer": 2117, "anime_type": "Film", "genre": [1, 7], "studio": 3, "editor": 3, "director": 209, "author": 209, "origin": "japon", "anidb_aid": 7}, "pk": 60}, {"model": "mangaki.artist", "fields": {"last_name": "Miyazaki", "first_name": "Hayao"}, "pk": 209}, {"model": "mangaki.artist", "fields": {"last_name": "Hisaishi", "first_name": "Joe"}, "pk": 2117}, {"model": "mangaki.artist", "fields": {"last_name": "Miyazaki", "first_name": "Hayao"}, "pk": 209}, {"model": "mangaki.studio", "fields": {"title": "Ghibli"}, "pk": 3}, {"model": "mangaki.editor", "fields": {"title": "Walt Disney Studios Entertainment"}, "pk": 3}, {"model": "mangaki.genre", "fields": {"title": "Fantastique"}, "pk": 1}, {"model": "mangaki.genre", "fields": {"title": "Action"}, "pk": 7}, {"model": "mangaki.work", "fields": {"title": "Le Royaume des chats", "category": 1, "source": "", "synopsis": "", "poster": "http://cdn.myanimelist.net/images/anime/1/597.jpg", "nsfw": false, "date": "2002-07-20"}, "pk": 3315}, {"model": "mangaki.anime", "fields": {"nb_episodes": "Inconnu", "composer": 2305, "anime_type": "Film", "genre": [1, 3], "studio": 1, "editor": 1, "director": 2343, "author": 290, "origin": "japon", "anidb_aid": 679}, "pk": 3315}, {"model": "mangaki.artist", "fields": {"last_name": "Morita", "first_name": "Hiroyuki"}, "pk": 2343}, {"model": "mangaki.artist", "fields": {"last_name": "Nomi", "first_name": "Yuuji"}, "pk": 2305}, {"model": "mangaki.artist", "fields": {"last_name": "Hiiragi", "first_name": "Aoi"}, "pk": 290}, {"model": "mangaki.studio", "fields": {"title": "Studio inconnu"}, "pk": 1}, {"model": "mangaki.editor", "fields": {"title": "\u00c9diteur inconnu"}, "pk": 1}, {"model": "mangaki.genre", "fields": {"title": "Fantastique"}, "pk": 1}, {"model": "mangaki.genre", "fields": {"title": "Aventure"}, "pk": 3}, {"model": "mangaki.work", "fields": {"title": "Mes voisins les Yamada", "category": 1, "source": "", "synopsis": "", "poster": "http://cdn.myanimelist.net/images/anime/7/75926.jpg", "nsfw": false, "date": "1999-07-17"}, "pk": 3177}, {"model": "mangaki.anime", "fields": {"nb_episodes": "Inconnu", "composer": 2474, "anime_type": "film", "genre": [4], "studio": 1, "editor": 1, "director": 2055, "author": 1376, "origin": "japon", "anidb_aid": 370}, "pk": 3177}, {"model": "mangaki.artist", "fields": {"last_name": "Takahata", "first_name": "Isao"}, "pk": 2055}, {"model": "mangaki.artist", "fields": {"last_name": "Yano", "first_name": "Akiko"}, "pk": 2474}, {"model": "mangaki.artist", "fields": {"last_name": "Ishii", "first_name": "Hisaichi"}, "pk": 1376}, {"model": "mangaki.studio", "fields": {"title": "Studio inconnu"}, "pk": 1}, {"model": "mangaki.editor", "fields": {"title": "\u00c9diteur inconnu"}, "pk": 1}, {"model": "mangaki.genre", "fields": {"title": "Tranche-de-vie"}, "pk": 4}, {"model": "mangaki.work", "fields": {"title": "Mon voisin Totoro", "category": 1, "source": "", "synopsis": "Deux petites filles viennent s'installer avec leur p\u00e8re dans une grande maison \u00e0 la campagne afin de se rapprocher de l'h\u00f4pital ou s\u00e9journe leur m\u00e8re. Elles vont d\u00e9couvrir l'existence de cr\u00e9atures merveilleuses, mais tr\u00e8s discr\u00e8tes, les totoros. Le totoro est une cr\u00e9ature rare et fascinante, un esprit de la for\u00eat. Il se nourrit de glands et de noix. Il dort le jour, mais les nuits de pleine lune, il aime jouer avec des ocarinas magiques. Il peut voler et est invisible aux yeux des humains. Il existe trois totoros : O totoro (gros), chu totoro (moyen) et chili totoro (petit).", "poster": "http://cdn.myanimelist.net/images/anime/4/75923.jpg", "nsfw": false, "date": null}, "pk": 106}, {"model": "mangaki.anime", "fields": {"nb_episodes": "1x88min", "composer": 2117, "anime_type": "Film", "genre": [11, 20], "studio": 3, "editor": 3, "director": 209, "author": 209, "origin": "japon", "anidb_aid": 303}, "pk": 106}, {"model": "mangaki.artist", "fields": {"last_name": "Miyazaki", "first_name": "Hayao"}, "pk": 209}, {"model": "mangaki.artist", "fields": {"last_name": "Hisaishi", "first_name": "Joe"}, "pk": 2117}, {"model": "mangaki.artist", "fields": {"last_name": "Miyazaki", "first_name": "Hayao"}, "pk": 209}, {"model": "mangaki.studio", "fields": {"title": "Ghibli"}, "pk": 3}, {"model": "mangaki.editor", "fields": {"title": "Walt Disney Studios Entertainment"}, "pk": 3}, {"model": "mangaki.genre", "fields": {"title": "Drame"}, "pk": 11}, {"model": "mangaki.genre", "fields": {"title": "Enfants"}, "pk": 20}]